name,address
Sunrise Clinic,Bangalore
Apollo Hosp,Bangalore
fortis hospital,Bangalore
City Hospital,Bangalore
Fortis Hosp,Pune
Sunrise Clinic,Pune
fortis hospital,Pune
apollo hospital,Mumbai
Apollo Hospital,Bangalore
fortis hospital,Mumbai
fortis hospital,Mumbai
City Hospital,Delhi
Fortis Hosp,Delhi
Fortis Hosp,Pune
Fortis Hospital,Pune
Sunrise Clinic,Delhi
City Hospital,Bangalore
Apollo Hosp,Delhi
sunrise clinic,Delhi
AIIMS,Pune
City Hospital,Pune
AIIMS,Delhi
city hospital,Pune
Sunrise Clinic,Bangalore
Fortis Hosp,Pune
aiims,Bangalore
sunrise clinic,Mumbai
Fortis Hosp,Bangalore
Fortis Hospital,Pune
AIIMS,Mumbai
apollo hospital,Mumbai
apollo hospital,Mumbai
AIIMS,Mumbai
city hospital,Bangalore
Apollo Hospital,Bangalore
Apollo Hospital,Bangalore
Sunrise Clinic,Mumbai
Fortis Hospital,Mumbai
City Hosp,Delhi
City Hospital,Bangalore
aiims,Pune
AIIMS,Mumbai
fortis hospital,Delhi
City Hospital,Pune
Sunrise Clinic,Pune
city hospital,Bangalore
AIIMS,Bangalore
Apollo Hosp,Mumbai
apollo hospital,Mumbai
aiims,Mumbai
sunrise clinic,Delhi
AIIMS,Pune
aiims,Bangalore
Sunrise Clinic,Bangalore
AIIMS,Pune
Fortis Hosp,Mumbai
AIIMS,Pune
Fortis Hospital,Delhi
AIIMS,Bangalore
AIIMS,Pune
apollo hospital,Pune
fortis hospital,Delhi
AIIMS,Delhi
Apollo Hospital,Mumbai
Apollo Hospital,Delhi
Sunrise Clinic,Bangalore
city hospital,Pune
Apollo Hosp,Bangalore
Fortis Hospital,Delhi
fortis hospital,Mumbai
aiims,Delhi
AIIMS,Bangalore
aiims,Delhi
sunrise clinic,Pune
AIIMS,Bangalore
AIIMS,Delhi
sunrise clinic,Pune
Apollo Hosp,Bangalore
Fortis Hospital,Pune
AIIMS,Pune
apollo hospital,Pune
sunrise clinic,Bangalore
apollo hospital,Delhi
Fortis Hosp,Pune
Sunrise Clinic,Bangalore
City Hospital,Delhi
Apollo Hosp,Pune
City Hospital,Mumbai
City Hospital,Bangalore
Fortis Hospital,Bangalore
aiims,Pune
Fortis Hosp,Delhi
fortis hospital,Pune
Apollo Hospital,Bangalore
Apollo Hospital,Bangalore
Fortis Hospital,Bangalore
city hospital,Mumbai
sunrise clinic,Bangalore
AIIMS,Delhi
sunrise clinic,Pune
aiims,Pune
Apollo Hosp,Mumbai
Sunrise Clinic,Pune
AIIMS,Delhi
sunrise clinic,Pune
city hospital,Pune
sunrise clinic,Bangalore
Apollo Hosp,Bangalore
Sunrise Clinic,Mumbai
Fortis Hospital,Delhi
Sunrise Clinic,Pune
Fortis Hosp,Bangalore
aiims,Mumbai
Fortis Hospital,Delhi
apollo hospital,Bangalore
city hospital,Mumbai
apollo hospital,Bangalore
Fortis Hospital,Pune
Fortis Hosp,Bangalore
Sunrise Clinic,Bangalore
apollo hospital,Delhi
Sunrise Clinic,Bangalore
Apollo Hospital,Bangalore
Sunrise Clinic,Mumbai
city hospital,Bangalore
sunrise clinic,Pune
city hospital,Pune
AIIMS,Pune
Apollo Hospital,Delhi
Apollo Hosp,Mumbai
aiims,Pune
Sunrise Clinic,Delhi
aiims,Pune
Apollo Hospital,Delhi
Fortis Hospital,Bangalore
City Hospital,Delhi
fortis hospital,Bangalore
Apollo Hospital,Mumbai
AIIMS,Delhi
City Hosp,Delhi
Fortis Hosp,Pune
Fortis Hosp,Bangalore
apollo hospital,Mumbai
sunrise clinic,Mumbai
Fortis Hospital,Pune
city hospital,Mumbai
AIIMS,Bangalore
Fortis Hospital,Mumbai
fortis hospital,Pune
Fortis Hosp,Bangalore
City Hosp,Pune
City Hospital,Delhi
aiims,Bangalore
Fortis Hospital,Delhi
Apollo Hospital,Delhi
Apollo Hosp,Mumbai
city hospital,Delhi
AIIMS,Bangalore
Apollo Hospital,Mumbai
Sunrise Clinic,Bangalore
City Hosp,Delhi
AIIMS,Bangalore
Apollo Hospital,Bangalore
sunrise clinic,Bangalore
fortis hospital,Delhi
apollo hospital,Mumbai
fortis hospital,Pune
fortis hospital,Delhi
Fortis Hospital,Pune
sunrise clinic,Delhi
Apollo Hospital,Bangalore
City Hospital,Bangalore
fortis hospital,Mumbai
sunrise clinic,Bangalore
apollo hospital,Bangalore
City Hosp,Delhi
aiims,Pune
City Hospital,Bangalore
Fortis Hosp,Bangalore
AIIMS,Bangalore
AIIMS,Mumbai
Fortis Hosp,Mumbai
Sunrise Clinic,Pune
Sunrise Clinic,Pune
Fortis Hosp,Delhi
Fortis Hosp,Bangalore
fortis hospital,Bangalore
apollo hospital,Bangalore
City Hospital,Bangalore
Sunrise Clinic,Mumbai
Fortis Hospital,Delhi
Fortis Hospital,Mumbai
Apollo Hosp,Pune
AIIMS,Bangalore
aiims,Pune
Fortis Hosp,Bangalore
sunrise clinic,Delhi
Sunrise Clinic,Pune
Apollo Hosp,Bangalore
Apollo Hospital,Mumbai
Sunrise Clinic,Pune
Apollo Hospital,Bangalore
City Hospital,Bangalore
Sunrise Clinic,Pune
Fortis Hosp,Pune
AIIMS,Mumbai
Fortis Hospital,Bangalore
Fortis Hosp,Mumbai
Apollo Hospital,Pune
fortis hospital,Delhi
Apollo Hosp,Pune
City Hosp,Bangalore
city hospital,Mumbai
Fortis Hosp,Delhi
sunrise clinic,Mumbai
fortis hospital,Delhi
Apollo Hosp,Delhi
Sunrise Clinic,Mumbai
City Hosp,Delhi
sunrise clinic,Bangalore
Apollo Hosp,Bangalore
AIIMS,Pune
apollo hospital,Mumbai
AIIMS,Pune
Sunrise Clinic,Delhi
Sunrise Clinic,Mumbai
Sunrise Clinic,Delhi
apollo hospital,Pune
sunrise clinic,Mumbai
fortis hospital,Delhi
Sunrise Clinic,Mumbai
Apollo Hospital,Pune
aiims,Bangalore
sunrise clinic,Pune
City Hosp,Pune
City Hospital,Bangalore
sunrise clinic,Mumbai
city hospital,Mumbai
Apollo Hospital,Delhi
Sunrise Clinic,Pune
aiims,Mumbai
Sunrise Clinic,Mumbai
apollo hospital,Pune
City Hosp,Bangalore
Apollo Hospital,Pune
City Hosp,Pune
AIIMS,Mumbai
Fortis Hospital,Bangalore
apollo hospital,Mumbai
Sunrise Clinic,Pune
Apollo Hospital,Bangalore
Apollo Hospital,Bangalore
City Hosp,Pune
AIIMS,Delhi
AIIMS,Pune
Fortis Hospital,Mumbai
Sunrise Clinic,Mumbai
Fortis Hosp,Pune
Fortis Hospital,Mumbai
AIIMS,Delhi
Apollo Hosp,Pune
city hospital,Delhi
aiims,Mumbai
AIIMS,Mumbai
AIIMS,Mumbai
Apollo Hosp,Delhi
Sunrise Clinic,Mumbai
Fortis Hospital,Mumbai
fortis hospital,Bangalore
Apollo Hosp,Delhi
Fortis Hospital,Pune
fortis hospital,Mumbai
City Hosp,Mumbai
AIIMS,Bangalore
Sunrise Clinic,Bangalore
AIIMS,Pune
Apollo Hosp,Pune
Fortis Hosp,Pune
Sunrise Clinic,Bangalore
sunrise clinic,Pune
Sunrise Clinic,Pune
City Hosp,Pune
City Hospital,Mumbai
aiims,Mumbai
aiims,Pune
Sunrise Clinic,Bangalore
Fortis Hosp,Delhi
aiims,Bangalore
Apollo Hosp,Mumbai
Fortis Hospital,Delhi
fortis hospital,Mumbai
Fortis Hospital,Pune
apollo hospital,Delhi
Sunrise Clinic,Delhi
City Hospital,Bangalore
apollo hospital,Pune
AIIMS,Pune
fortis hospital,Delhi
sunrise clinic,Bangalore
Fortis Hosp,Bangalore
